[
  {"name":"Afghanistan","capital":"Kabul","region":"Asia","subregion":"Southern Asia","population":40218234,"flag":"https://flagcdn.com/af.svg","cca2":"af"},
  {"name":"Albania","capital":"Tirana","region":"Europe","subregion":"Southeast Europe","population":2837743,"flag":"https://flagcdn.com/al.svg","cca2":"al"},
  {"name":"Algeria","capital":"Algiers","region":"Africa","subregion":"Northern Africa","population":43851043,"flag":"https://flagcdn.com/dz.svg","cca2":"dz"},
  {"name":"Andorra","capital":"Andorra la Vella","region":"Europe","subregion":"Southern Europe","population":77265,"flag":"https://flagcdn.com/ad.svg","cca2":"ad"},
  {"name":"Angola","capital":"Luanda","region":"Africa","subregion":"Middle Africa","population":32866268,"flag":"https://flagcdn.com/ao.svg","cca2":"ao"},
  {"name":"Antigua and Barbuda","capital":"Saint John's","region":"Americas","subregion":"Caribbean","population":97928,"flag":"https://flagcdn.com/ag.svg","cca2":"ag"},
  {"name":"Argentina","capital":"Buenos Aires","region":"Americas","subregion":"South America","population":45376763,"flag":"https://flagcdn.com/ar.svg","cca2":"ar"},
  {"name":"Armenia","capital":"Yerevan","region":"Asia","subregion":"Western Asia","population":2963234,"flag":"https://flagcdn.com/am.svg","cca2":"am"},
  {"name":"Australia","capital":"Canberra","region":"Oceania","subregion":"Australia and New Zealand","population":25687041,"flag":"https://flagcdn.com/au.svg","cca2":"au"},
  {"name":"Austria","capital":"Vienna","region":"Europe","subregion":"Central Europe","population":8917205,"flag":"https://flagcdn.com/at.svg","cca2":"at"},
  {"name":"Azerbaijan","capital":"Baku","region":"Asia","subregion":"Western Asia","population":10110116,"flag":"https://flagcdn.com/az.svg","cca2":"az"},
  {"name":"Bahamas","capital":"Nassau","region":"Americas","subregion":"Caribbean","population":393248,"flag":"https://flagcdn.com/bs.svg","cca2":"bs"},
  {"name":"Bahrain","capital":"Manama","region":"Asia","subregion":"Western Asia","population":1701583,"flag":"https://flagcdn.com/bh.svg","cca2":"bh"},
  {"name":"Bangladesh","capital":"Dhaka","region":"Asia","subregion":"Southern Asia","population":164689383,"flag":"https://flagcdn.com/bd.svg","cca2":"bd"},
  {"name":"Barbados","capital":"Bridgetown","region":"Americas","subregion":"Caribbean","population":287371,"flag":"https://flagcdn.com/bb.svg","cca2":"bb"},
  {"name":"Belarus","capital":"Minsk","region":"Europe","subregion":"Eastern Europe","population":9398861,"flag":"https://flagcdn.com/by.svg","cca2":"by"},
  {"name":"Belgium","capital":"Brussels","region":"Europe","subregion":"Western Europe","population":11555997,"flag":"https://flagcdn.com/be.svg","cca2":"be"},
  {"name":"Belize","capital":"Belmopan","region":"Americas","subregion":"Central America","population":397621,"flag":"https://flagcdn.com/bz.svg","cca2":"bz"},
  {"name":"Benin","capital":"Porto-Novo","region":"Africa","subregion":"Western Africa","population":12123198,"flag":"https://flagcdn.com/bj.svg","cca2":"bj"},
  {"name":"Bhutan","capital":"Thimphu","region":"Asia","subregion":"Southern Asia","population":771612,"flag":"https://flagcdn.com/bt.svg","cca2":"bt"},
  {"name":"Bolivia","capital":"Sucre","region":"Americas","subregion":"South America","population":11673029,"flag":"https://flagcdn.com/bo.svg","cca2":"bo"},
  {"name":"Bosnia and Herzegovina","capital":"Sarajevo","region":"Europe","subregion":"Southeast Europe","population":3280815,"flag":"https://flagcdn.com/ba.svg","cca2":"ba"},
  {"name":"Botswana","capital":"Gaborone","region":"Africa","subregion":"Southern Africa","population":2351625,"flag":"https://flagcdn.com/bw.svg","cca2":"bw"},
  {"name":"Brazil","capital":"Brasília","region":"Americas","subregion":"South America","population":212559409,"flag":"https://flagcdn.com/br.svg","cca2":"br"},
  {"name":"Brunei","capital":"Bandar Seri Begawan","region":"Asia","subregion":"South-Eastern Asia","population":437483,"flag":"https://flagcdn.com/bn.svg","cca2":"bn"},
  {"name":"Bulgaria","capital":"Sofia","region":"Europe","subregion":"Southeast Europe","population":6927288,"flag":"https://flagcdn.com/bg.svg","cca2":"bg"},
  {"name":"Burkina Faso","capital":"Ouagadougou","region":"Africa","subregion":"Western Africa","population":20903278,"flag":"https://flagcdn.com/bf.svg","cca2":"bf"},
  {"name":"Burundi","capital":"Gitega","region":"Africa","subregion":"Eastern Africa","population":11890781,"flag":"https://flagcdn.com/bi.svg","cca2":"bi"},
  {"name":"Cambodia","capital":"Phnom Penh","region":"Asia","subregion":"South-Eastern Asia","population":16718971,"flag":"https://flagcdn.com/kh.svg","cca2":"kh"},
  {"name":"Cameroon","capital":"Yaoundé","region":"Africa","subregion":"Middle Africa","population":26545864,"flag":"https://flagcdn.com/cm.svg","cca2":"cm"},
  {"name":"Canada","capital":"Ottawa","region":"Americas","subregion":"North America","population":38005238,"flag":"https://flagcdn.com/ca.svg","cca2":"ca"},
  {"name":"Cape Verde","capital":"Praia","region":"Africa","subregion":"Western Africa","population":555988,"flag":"https://flagcdn.com/cv.svg","cca2":"cv"},
  {"name":"Central African Republic","capital":"Bangui","region":"Africa","subregion":"Middle Africa","population":4829764,"flag":"https://flagcdn.com/cf.svg","cca2":"cf"},
  {"name":"Chad","capital":"N'Djamena","region":"Africa","subregion":"Middle Africa","population":16425859,"flag":"https://flagcdn.com/td.svg","cca2":"td"},
  {"name":"Chile","capital":"Santiago","region":"Americas","subregion":"South America","population":19116209,"flag":"https://flagcdn.com/cl.svg","cca2":"cl"},
  {"name":"China","capital":"Beijing","region":"Asia","subregion":"Eastern Asia","population":1402112000,"flag":"https://flagcdn.com/cn.svg","cca2":"cn"},
  {"name":"Colombia","capital":"Bogotá","region":"Americas","subregion":"South America","population":50882884,"flag":"https://flagcdn.com/co.svg","cca2":"co"},
  {"name":"Comoros","capital":"Moroni","region":"Africa","subregion":"Eastern Africa","population":869595,"flag":"https://flagcdn.com/km.svg","cca2":"km"},
  {"name":"Congo","capital":"Brazzaville","region":"Africa","subregion":"Middle Africa","population":5518092,"flag":"https://flagcdn.com/cg.svg","cca2":"cg"},
  {"name":"Costa Rica","capital":"San José","region":"Americas","subregion":"Central America","population":5094114,"flag":"https://flagcdn.com/cr.svg","cca2":"cr"},
  {"name":"Croatia","capital":"Zagreb","region":"Europe","subregion":"Southeast Europe","population":4047200,"flag":"https://flagcdn.com/hr.svg","cca2":"hr"},
  {"name":"Cuba","capital":"Havana","region":"Americas","subregion":"Caribbean","population":11326616,"flag":"https://flagcdn.com/cu.svg","cca2":"cu"},
  {"name":"Cyprus","capital":"Nicosia","region":"Europe","subregion":"Southern Europe","population":1207361,"flag":"https://flagcdn.com/cy.svg","cca2":"cy"},
  {"name":"Czechia","capital":"Prague","region":"Europe","subregion":"Central Europe","population":10698896,"flag":"https://flagcdn.com/cz.svg","cca2":"cz"},
  {"name":"Denmark","capital":"Copenhagen","region":"Europe","subregion":"Northern Europe","population":5831404,"flag":"https://flagcdn.com/dk.svg","cca2":"dk"},
  {"name":"Djibouti","capital":"Djibouti","region":"Africa","subregion":"Eastern Africa","population":988002,"flag":"https://flagcdn.com/dj.svg","cca2":"dj"},
  {"name":"Dominica","capital":"Roseau","region":"Americas","subregion":"Caribbean","population":71991,"flag":"https://flagcdn.com/dm.svg","cca2":"dm"},
  {"name":"Dominican Republic","capital":"Santo Domingo","region":"Americas","subregion":"Caribbean","population":10847904,"flag":"https://flagcdn.com/do.svg","cca2":"do"},
  {"name":"DR Congo","capital":"Kinshasa","region":"Africa","subregion":"Middle Africa","population":89561404,"flag":"https://flagcdn.com/cd.svg","cca2":"cd"},
  {"name":"Ecuador","capital":"Quito","region":"Americas","subregion":"South America","population":17643060,"flag":"https://flagcdn.com/ec.svg","cca2":"ec"},
  {"name":"Egypt","capital":"Cairo","region":"Africa","subregion":"Northern Africa","population":102334403,"flag":"https://flagcdn.com/eg.svg","cca2":"eg"},
  {"name":"El Salvador","capital":"San Salvador","region":"Americas","subregion":"Central America","population":6486201,"flag":"https://flagcdn.com/sv.svg","cca2":"sv"},
  {"name":"Equatorial Guinea","capital":"Malabo","region":"Africa","subregion":"Middle Africa","population":1402985,"flag":"https://flagcdn.com/gq.svg","cca2":"gq"},
  {"name":"Eritrea","capital":"Asmara","region":"Africa","subregion":"Eastern Africa","population":5352000,"flag":"https://flagcdn.com/er.svg","cca2":"er"},
  {"name":"Estonia","capital":"Tallinn","region":"Europe","subregion":"Northern Europe","population":1331057,"flag":"https://flagcdn.com/ee.svg","cca2":"ee"},
  {"name":"Eswatini","capital":"Mbabane","region":"Africa","subregion":"Southern Africa","population":1160164,"flag":"https://flagcdn.com/sz.svg","cca2":"sz"},
  {"name":"Ethiopia","capital":"Addis Ababa","region":"Africa","subregion":"Eastern Africa","population":114963583,"flag":"https://flagcdn.com/et.svg","cca2":"et"},
  {"name":"Fiji","capital":"Suva","region":"Oceania","subregion":"Melanesia","population":896444,"flag":"https://flagcdn.com/fj.svg","cca2":"fj"},
  {"name":"Finland","capital":"Helsinki","region":"Europe","subregion":"Northern Europe","population":5530719,"flag":"https://flagcdn.com/fi.svg","cca2":"fi"},
  {"name":"France","capital":"Paris","region":"Europe","subregion":"Western Europe","population":67391582,"flag":"https://flagcdn.com/fr.svg","cca2":"fr"},
  {"name":"Gabon","capital":"Libreville","region":"Africa","subregion":"Middle Africa","population":2225728,"flag":"https://flagcdn.com/ga.svg","cca2":"ga"},
  {"name":"Gambia","capital":"Banjul","region":"Africa","subregion":"Western Africa","population":2416664,"flag":"https://flagcdn.com/gm.svg","cca2":"gm"},
  {"name":"Georgia","capital":"Tbilisi","region":"Asia","subregion":"Western Asia","population":3714000,"flag":"https://flagcdn.com/ge.svg","cca2":"ge"},
  {"name":"Germany","capital":"Berlin","region":"Europe","subregion":"Central Europe","population":83240525,"flag":"https://flagcdn.com/de.svg","cca2":"de"},
  {"name":"Ghana","capital":"Accra","region":"Africa","subregion":"Western Africa","population":31072945,"flag":"https://flagcdn.com/gh.svg","cca2":"gh"},
  {"name":"Greece","capital":"Athens","region":"Europe","subregion":"Southern Europe","population":10715549,"flag":"https://flagcdn.com/gr.svg","cca2":"gr"},
  {"name":"Grenada","capital":"St. George's","region":"Americas","subregion":"Caribbean","population":112519,"flag":"https://flagcdn.com/gd.svg","cca2":"gd"},
  {"name":"Guatemala","capital":"Guatemala City","region":"Americas","subregion":"Central America","population":16858333,"flag":"https://flagcdn.com/gt.svg","cca2":"gt"},
  {"name":"Guinea","capital":"Conakry","region":"Africa","subregion":"Western Africa","population":13132792,"flag":"https://flagcdn.com/gn.svg","cca2":"gn"},
  {"name":"Guinea-Bissau","capital":"Bissau","region":"Africa","subregion":"Western Africa","population":1967998,"flag":"https://flagcdn.com/gw.svg","cca2":"gw"},
  {"name":"Guyana","capital":"Georgetown","region":"Americas","subregion":"South America","population":786559,"flag":"https://flagcdn.com/gy.svg","cca2":"gy"},
  {"name":"Haiti","capital":"Port-au-Prince","region":"Americas","subregion":"Caribbean","population":11402533,"flag":"https://flagcdn.com/ht.svg","cca2":"ht"},
  {"name":"Honduras","capital":"Tegucigalpa","region":"Americas","subregion":"Central America","population":9904608,"flag":"https://flagcdn.com/hn.svg","cca2":"hn"},
  {"name":"Hungary","capital":"Budapest","region":"Europe","subregion":"Central Europe","population":9749763,"flag":"https://flagcdn.com/hu.svg","cca2":"hu"},
  {"name":"Iceland","capital":"Reykjavik","region":"Europe","subregion":"Northern Europe","population":366425,"flag":"https://flagcdn.com/is.svg","cca2":"is"},
  {"name":"India","capital":"New Delhi","region":"Asia","subregion":"Southern Asia","population":1380004385,"flag":"https://flagcdn.com/in.svg","cca2":"in"},
  {"name":"Indonesia","capital":"Jakarta","region":"Asia","subregion":"South-Eastern Asia","population":273523621,"flag":"https://flagcdn.com/id.svg","cca2":"id"},
  {"name":"Iran","capital":"Tehran","region":"Asia","subregion":"Southern Asia","population":83992953,"flag":"https://flagcdn.com/ir.svg","cca2":"ir"},
  {"name":"Iraq","capital":"Baghdad","region":"Asia","subregion":"Western Asia","population":40222503,"flag":"https://flagcdn.com/iq.svg","cca2":"iq"},
  {"name":"Ireland","capital":"Dublin","region":"Europe","subregion":"Northern Europe","population":4994724,"flag":"https://flagcdn.com/ie.svg","cca2":"ie"},
  {"name":"Israel","capital":"Jerusalem","region":"Asia","subregion":"Western Asia","population":9216900,"flag":"https://flagcdn.com/il.svg","cca2":"il"},
  {"name":"Italy","capital":"Rome","region":"Europe","subregion":"Southern Europe","population":59554023,"flag":"https://flagcdn.com/it.svg","cca2":"it"},
  {"name":"Jamaica","capital":"Kingston","region":"Americas","subregion":"Caribbean","population":2961161,"flag":"https://flagcdn.com/jm.svg","cca2":"jm"},
  {"name":"Japan","capital":"Tokyo","region":"Asia","subregion":"Eastern Asia","population":125836021,"flag":"https://flagcdn.com/jp.svg","cca2":"jp"},
  {"name":"Jordan","capital":"Amman","region":"Asia","subregion":"Western Asia","population":10203140,"flag":"https://flagcdn.com/jo.svg","cca2":"jo"},
  {"name":"Kazakhstan","capital":"Nur-Sultan","region":"Asia","subregion":"Central Asia","population":18754440,"flag":"https://flagcdn.com/kz.svg","cca2":"kz"},
  {"name":"Kenya","capital":"Nairobi","region":"Africa","subregion":"Eastern Africa","population":53771300,"flag":"https://flagcdn.com/ke.svg","cca2":"ke"},
  {"name":"Kiribati","capital":"South Tarawa","region":"Oceania","subregion":"Micronesia","population":119446,"flag":"https://flagcdn.com/ki.svg","cca2":"ki"},
  {"name":"Kosovo","capital":"Pristina","region":"Europe","subregion":"Southeast Europe","population":1775378,"flag":"https://flagcdn.com/xk.svg","cca2":"xk"},
  {"name":"Kuwait","capital":"Kuwait City","region":"Asia","subregion":"Western Asia","population":4270563,"flag":"https://flagcdn.com/kw.svg","cca2":"kw"},
  {"name":"Kyrgyzstan","capital":"Bishkek","region":"Asia","subregion":"Central Asia","population":6591600,"flag":"https://flagcdn.com/kg.svg","cca2":"kg"},
  {"name":"Laos","capital":"Vientiane","region":"Asia","subregion":"South-Eastern Asia","population":7275556,"flag":"https://flagcdn.com/la.svg","cca2":"la"},
  {"name":"Latvia","capital":"Riga","region":"Europe","subregion":"Northern Europe","population":1901548,"flag":"https://flagcdn.com/lv.svg","cca2":"lv"},
  {"name":"Lebanon","capital":"Beirut","region":"Asia","subregion":"Western Asia","population":6825442,"flag":"https://flagcdn.com/lb.svg","cca2":"lb"},
  {"name":"Lesotho","capital":"Maseru","region":"Africa","subregion":"Southern Africa","population":2142252,"flag":"https://flagcdn.com/ls.svg","cca2":"ls"},
  {"name":"Liberia","capital":"Monrovia","region":"Africa","subregion":"Western Africa","population":5057677,"flag":"https://flagcdn.com/lr.svg","cca2":"lr"},
  {"name":"Libya","capital":"Tripoli","region":"Africa","subregion":"Northern Africa","population":6871287,"flag":"https://flagcdn.com/ly.svg","cca2":"ly"},
  {"name":"Liechtenstein","capital":"Vaduz","region":"Europe","subregion":"Central Europe","population":38137,"flag":"https://flagcdn.com/li.svg","cca2":"li"},
  {"name":"Lithuania","capital":"Vilnius","region":"Europe","subregion":"Northern Europe","population":2794700,"flag":"https://flagcdn.com/lt.svg","cca2":"lt"},
  {"name":"Luxembourg","capital":"Luxembourg","region":"Europe","subregion":"Western Europe","population":632275,"flag":"https://flagcdn.com/lu.svg","cca2":"lu"},
  {"name":"Madagascar","capital":"Antananarivo","region":"Africa","subregion":"Eastern Africa","population":27691019,"flag":"https://flagcdn.com/mg.svg","cca2":"mg"},
  {"name":"Malawi","capital":"Lilongwe","region":"Africa","subregion":"Eastern Africa","population":19129955,"flag":"https://flagcdn.com/mw.svg","cca2":"mw"},
  {"name":"Malaysia","capital":"Kuala Lumpur","region":"Asia","subregion":"South-Eastern Asia","population":32365998,"flag":"https://flagcdn.com/my.svg","cca2":"my"},
  {"name":"Maldives","capital":"Malé","region":"Asia","subregion":"Southern Asia","population":540542,"flag":"https://flagcdn.com/mv.svg","cca2":"mv"},
  {"name":"Mali","capital":"Bamako","region":"Africa","subregion":"Western Africa","population":20250834,"flag":"https://flagcdn.com/ml.svg","cca2":"ml"},
  {"name":"Malta","capital":"Valletta","region":"Europe","subregion":"Southern Europe","population":525285,"flag":"https://flagcdn.com/mt.svg","cca2":"mt"},
  {"name":"Marshall Islands","capital":"Majuro","region":"Oceania","subregion":"Micronesia","population":59194,"flag":"https://flagcdn.com/mh.svg","cca2":"mh"},
  {"name":"Mauritania","capital":"Nouakchott","region":"Africa","subregion":"Western Africa","population":4649660,"flag":"https://flagcdn.com/mr.svg","cca2":"mr"},
  {"name":"Mauritius","capital":"Port Louis","region":"Africa","subregion":"Eastern Africa","population":1265740,"flag":"https://flagcdn.com/mu.svg","cca2":"mu"},
  {"name":"Mexico","capital":"Mexico City","region":"Americas","subregion":"North America","population":128932753,"flag":"https://flagcdn.com/mx.svg","cca2":"mx"},
  {"name":"Micronesia","capital":"Palikir","region":"Oceania","subregion":"Micronesia","population":115021,"flag":"https://flagcdn.com/fm.svg","cca2":"fm"},
  {"name":"Moldova","capital":"Chișinău","region":"Europe","subregion":"Eastern Europe","population":2617820,"flag":"https://flagcdn.com/md.svg","cca2":"md"},
  {"name":"Monaco","capital":"Monaco","region":"Europe","subregion":"Western Europe","population":39244,"flag":"https://flagcdn.com/mc.svg","cca2":"mc"},
  {"name":"Mongolia","capital":"Ulaanbaatar","region":"Asia","subregion":"Eastern Asia","population":3278292,"flag":"https://flagcdn.com/mn.svg","cca2":"mn"},
  {"name":"Montenegro","capital":"Podgorica","region":"Europe","subregion":"Southeast Europe","population":621718,"flag":"https://flagcdn.com/me.svg","cca2":"me"},
  {"name":"Morocco","capital":"Rabat","region":"Africa","subregion":"Northern Africa","population":36910558,"flag":"https://flagcdn.com/ma.svg","cca2":"ma"},
  {"name":"Mozambique","capital":"Maputo","region":"Africa","subregion":"Eastern Africa","population":31255435,"flag":"https://flagcdn.com/mz.svg","cca2":"mz"},
  {"name":"Myanmar","capital":"Naypyidaw","region":"Asia","subregion":"South-Eastern Asia","population":54409794,"flag":"https://flagcdn.com/mm.svg","cca2":"mm"},
  {"name":"Namibia","capital":"Windhoek","region":"Africa","subregion":"Southern Africa","population":2540916,"flag":"https://flagcdn.com/na.svg","cca2":"na"},
  {"name":"Nauru","capital":"Yaren","region":"Oceania","subregion":"Micronesia","population":10834,"flag":"https://flagcdn.com/nr.svg","cca2":"nr"},
  {"name":"Nepal","capital":"Kathmandu","region":"Asia","subregion":"Southern Asia","population":29136808,"flag":"https://flagcdn.com/np.svg","cca2":"np"},
  {"name":"Netherlands","capital":"Amsterdam","region":"Europe","subregion":"Western Europe","population":17441139,"flag":"https://flagcdn.com/nl.svg","cca2":"nl"},
  {"name":"New Zealand","capital":"Wellington","region":"Oceania","subregion":"Australia and New Zealand","population":5084300,"flag":"https://flagcdn.com/nz.svg","cca2":"nz"},
  {"name":"Nicaragua","capital":"Managua","region":"Americas","subregion":"Central America","population":6624554,"flag":"https://flagcdn.com/ni.svg","cca2":"ni"},
  {"name":"Niger","capital":"Niamey","region":"Africa","subregion":"Western Africa","population":24206636,"flag":"https://flagcdn.com/ne.svg","cca2":"ne"},
  {"name":"Nigeria","capital":"Abuja","region":"Africa","subregion":"Western Africa","population":206139587,"flag":"https://flagcdn.com/ng.svg","cca2":"ng"},
  {"name":"North Korea","capital":"Pyongyang","region":"Asia","subregion":"Eastern Asia","population":25778815,"flag":"https://flagcdn.com/kp.svg","cca2":"kp"},
  {"name":"North Macedonia","capital":"Skopje","region":"Europe","subregion":"Southeast Europe","population":2083380,"flag":"https://flagcdn.com/mk.svg","cca2":"mk"},
  {"name":"Norway","capital":"Oslo","region":"Europe","subregion":"Northern Europe","population":5379475,"flag":"https://flagcdn.com/no.svg","cca2":"no"},
  {"name":"Oman","capital":"Muscat","region":"Asia","subregion":"Western Asia","population":5106622,"flag":"https://flagcdn.com/om.svg","cca2":"om"},
  {"name":"Pakistan","capital":"Islamabad","region":"Asia","subregion":"Southern Asia","population":220892331,"flag":"https://flagcdn.com/pk.svg","cca2":"pk"},
  {"name":"Palau","capital":"Ngerulmud","region":"Oceania","subregion":"Micronesia","population":18092,"flag":"https://flagcdn.com/pw.svg","cca2":"pw"},
  {"name":"Palestine","capital":"Ramallah","region":"Asia","subregion":"Western Asia","population":4803269,"flag":"https://flagcdn.com/ps.svg","cca2":"ps"},
  {"name":"Panama","capital":"Panama City","region":"Americas","subregion":"Central America","population":4314768,"flag":"https://flagcdn.com/pa.svg","cca2":"pa"},
  {"name":"Papua New Guinea","capital":"Port Moresby","region":"Oceania","subregion":"Melanesia","population":8947027,"flag":"https://flagcdn.com/pg.svg","cca2":"pg"},
  {"name":"Paraguay","capital":"Asunción","region":"Americas","subregion":"South America","population":7132530,"flag":"https://flagcdn.com/py.svg","cca2":"py"},
  {"name":"Peru","capital":"Lima","region":"Americas","subregion":"South America","population":32971846,"flag":"https://flagcdn.com/pe.svg","cca2":"pe"},
  {"name":"Philippines","capital":"Manila","region":"Asia","subregion":"South-Eastern Asia","population":109581085,"flag":"https://flagcdn.com/ph.svg","cca2":"ph"},
  {"name":"Poland","capital":"Warsaw","region":"Europe","subregion":"Central Europe","population":37950802,"flag":"https://flagcdn.com/pl.svg","cca2":"pl"},
  {"name":"Portugal","capital":"Lisbon","region":"Europe","subregion":"Southern Europe","population":10305564,"flag":"https://flagcdn.com/pt.svg","cca2":"pt"},
  {"name":"Qatar","capital":"Doha","region":"Asia","subregion":"Western Asia","population":2881060,"flag":"https://flagcdn.com/qa.svg","cca2":"qa"},
  {"name":"Romania","capital":"Bucharest","region":"Europe","subregion":"Southeast Europe","population":19286123,"flag":"https://flagcdn.com/ro.svg","cca2":"ro"},
  {"name":"Russia","capital":"Moscow","region":"Europe","subregion":"Eastern Europe","population":144104080,"flag":"https://flagcdn.com/ru.svg","cca2":"ru"},
  {"name":"Rwanda","capital":"Kigali","region":"Africa","subregion":"Eastern Africa","population":12952209,"flag":"https://flagcdn.com/rw.svg","cca2":"rw"},
  {"name":"Saint Kitts and Nevis","capital":"Basseterre","region":"Americas","subregion":"Caribbean","population":53192,"flag":"https://flagcdn.com/kn.svg","cca2":"kn"},
  {"name":"Saint Lucia","capital":"Castries","region":"Americas","subregion":"Caribbean","population":183629,"flag":"https://flagcdn.com/lc.svg","cca2":"lc"},
  {"name":"Saint Vincent and the Grenadines","capital":"Kingstown","region":"Americas","subregion":"Caribbean","population":110947,"flag":"https://flagcdn.com/vc.svg","cca2":"vc"},
  {"name":"Samoa","capital":"Apia","region":"Oceania","subregion":"Polynesia","population":198410,"flag":"https://flagcdn.com/ws.svg","cca2":"ws"},
  {"name":"San Marino","capital":"City of San Marino","region":"Europe","subregion":"Southern Europe","population":33938,"flag":"https://flagcdn.com/sm.svg","cca2":"sm"},
  {"name":"Sao Tome and Principe","capital":"São Tomé","region":"Africa","subregion":"Middle Africa","population":219161,"flag":"https://flagcdn.com/st.svg","cca2":"st"},
  {"name":"Saudi Arabia","capital":"Riyadh","region":"Asia","subregion":"Western Asia","population":34813867,"flag":"https://flagcdn.com/sa.svg","cca2":"sa"},
  {"name":"Senegal","capital":"Dakar","region":"Africa","subregion":"Western Africa","population":16743930,"flag":"https://flagcdn.com/sn.svg","cca2":"sn"},
  {"name":"Serbia","capital":"Belgrade","region":"Europe","subregion":"Southeast Europe","population":6908224,"flag":"https://flagcdn.com/rs.svg","cca2":"rs"},
  {"name":"Seychelles","capital":"Victoria","region":"Africa","subregion":"Eastern Africa","population":98462,"flag":"https://flagcdn.com/sc.svg","cca2":"sc"},
  {"name":"Sierra Leone","capital":"Freetown","region":"Africa","subregion":"Western Africa","population":7976985,"flag":"https://flagcdn.com/sl.svg","cca2":"sl"},
  {"name":"Singapore","capital":"Singapore","region":"Asia","subregion":"South-Eastern Asia","population":5685807,"flag":"https://flagcdn.com/sg.svg","cca2":"sg"},
  {"name":"Slovakia","capital":"Bratislava","region":"Europe","subregion":"Central Europe","population":5458827,"flag":"https://flagcdn.com/sk.svg","cca2":"sk"},
  {"name":"Slovenia","capital":"Ljubljana","region":"Europe","subregion":"Central Europe","population":2100126,"flag":"https://flagcdn.com/si.svg","cca2":"si"},
  {"name":"Solomon Islands","capital":"Honiara","region":"Oceania","subregion":"Melanesia","population":686878,"flag":"https://flagcdn.com/sb.svg","cca2":"sb"},
  {"name":"Somalia","capital":"Mogadishu","region":"Africa","subregion":"Eastern Africa","population":15893219,"flag":"https://flagcdn.com/so.svg","cca2":"so"},
  {"name":"South Africa","capital":"Pretoria","region":"Africa","subregion":"Southern Africa","population":59308690,"flag":"https://flagcdn.com/za.svg","cca2":"za"},
  {"name":"South Korea","capital":"Seoul","region":"Asia","subregion":"Eastern Asia","population":51780579,"flag":"https://flagcdn.com/kr.svg","cca2":"kr"},
  {"name":"South Sudan","capital":"Juba","region":"Africa","subregion":"Middle Africa","population":11193729,"flag":"https://flagcdn.com/ss.svg","cca2":"ss"},
  {"name":"Spain","capital":"Madrid","region":"Europe","subregion":"Southern Europe","population":47351567,"flag":"https://flagcdn.com/es.svg","cca2":"es"},
  {"name":"Sri Lanka","capital":"Sri Jayawardenepura Kotte","region":"Asia","subregion":"Southern Asia","population":21919000,"flag":"https://flagcdn.com/lk.svg","cca2":"lk"},
  {"name":"Sudan","capital":"Khartoum","region":"Africa","subregion":"Northern Africa","population":43849269,"flag":"https://flagcdn.com/sd.svg","cca2":"sd"},
  {"name":"Suriname","capital":"Paramaribo","region":"Americas","subregion":"South America","population":586634,"flag":"https://flagcdn.com/sr.svg","cca2":"sr"},
  {"name":"Sweden","capital":"Stockholm","region":"Europe","subregion":"Northern Europe","population":10353442,"flag":"https://flagcdn.com/se.svg","cca2":"se"},
  {"name":"Switzerland","capital":"Bern","region":"Europe","subregion":"Central Europe","population":8654622,"flag":"https://flagcdn.com/ch.svg","cca2":"ch"},
  {"name":"Syria","capital":"Damascus","region":"Asia","subregion":"Western Asia","population":17500657,"flag":"https://flagcdn.com/sy.svg","cca2":"sy"},
  {"name":"Taiwan","capital":"Taipei","region":"Asia","subregion":"Eastern Asia","population":23503349,"flag":"https://flagcdn.com/tw.svg","cca2":"tw"},
  {"name":"Tajikistan","capital":"Dushanbe","region":"Asia","subregion":"Central Asia","population":9537642,"flag":"https://flagcdn.com/tj.svg","cca2":"tj"},
  {"name":"Tanzania","capital":"Dodoma","region":"Africa","subregion":"Eastern Africa","population":59734213,"flag":"https://flagcdn.com/tz.svg","cca2":"tz"},
  {"name":"Thailand","capital":"Bangkok","region":"Asia","subregion":"South-Eastern Asia","population":69799978,"flag":"https://flagcdn.com/th.svg","cca2":"th"},
  {"name":"Timor-Leste","capital":"Dili","region":"Asia","subregion":"South-Eastern Asia","population":1318442,"flag":"https://flagcdn.com/tl.svg","cca2":"tl"},
  {"name":"Togo","capital":"Lomé","region":"Africa","subregion":"Western Africa","population":8278737,"flag":"https://flagcdn.com/tg.svg","cca2":"tg"},
  {"name":"Tonga","capital":"Nuku'alofa","region":"Oceania","subregion":"Polynesia","population":105697,"flag":"https://flagcdn.com/to.svg","cca2":"to"},
  {"name":"Trinidad and Tobago","capital":"Port of Spain","region":"Americas","subregion":"Caribbean","population":1399491,"flag":"https://flagcdn.com/tt.svg","cca2":"tt"},
  {"name":"Tunisia","capital":"Tunis","region":"Africa","subregion":"Northern Africa","population":11818618,"flag":"https://flagcdn.com/tn.svg","cca2":"tn"},
  {"name":"Turkey","capital":"Ankara","region":"Asia","subregion":"Western Asia","population":84339067,"flag":"https://flagcdn.com/tr.svg","cca2":"tr"},
  {"name":"Turkmenistan","capital":"Ashgabat","region":"Asia","subregion":"Central Asia","population":6031187,"flag":"https://flagcdn.com/tm.svg","cca2":"tm"},
  {"name":"Tuvalu","capital":"Funafuti","region":"Oceania","subregion":"Polynesia","population":11792,"flag":"https://flagcdn.com/tv.svg","cca2":"tv"},
  {"name":"Uganda","capital":"Kampala","region":"Africa","subregion":"Eastern Africa","population":45741000,"flag":"https://flagcdn.com/ug.svg","cca2":"ug"},
  {"name":"Ukraine","capital":"Kyiv","region":"Europe","subregion":"Eastern Europe","population":44134693,"flag":"https://flagcdn.com/ua.svg","cca2":"ua"},
  {"name":"United Arab Emirates","capital":"Abu Dhabi","region":"Asia","subregion":"Western Asia","population":9890400,"flag":"https://flagcdn.com/ae.svg","cca2":"ae"},
  {"name":"United Kingdom","capital":"London","region":"Europe","subregion":"Northern Europe","population":67215293,"flag":"https://flagcdn.com/gb.svg","cca2":"gb"},
  {"name":"United States","capital":"Washington, D.C.","region":"Americas","subregion":"North America","population":329484123,"flag":"https://flagcdn.com/us.svg","cca2":"us"},
  {"name":"Uruguay","capital":"Montevideo","region":"Americas","subregion":"South America","population":3473727,"flag":"https://flagcdn.com/uy.svg","cca2":"uy"},
  {"name":"Uzbekistan","capital":"Tashkent","region":"Asia","subregion":"Central Asia","population":34232050,"flag":"https://flagcdn.com/uz.svg","cca2":"uz"},
  {"name":"Vanuatu","capital":"Port Vila","region":"Oceania","subregion":"Melanesia","population":307150,"flag":"https://flagcdn.com/vu.svg","cca2":"vu"},
  {"name":"Vatican City","capital":"Vatican City","region":"Europe","subregion":"Southern Europe","population":451,"flag":"https://flagcdn.com/va.svg","cca2":"va"},
  {"name":"Venezuela","capital":"Caracas","region":"Americas","subregion":"South America","population":28435943,"flag":"https://flagcdn.com/ve.svg","cca2":"ve"},
  {"name":"Vietnam","capital":"Hanoi","region":"Asia","subregion":"South-Eastern Asia","population":97338583,"flag":"https://flagcdn.com/vn.svg","cca2":"vn"},
  {"name":"Yemen","capital":"Sana'a","region":"Asia","subregion":"Western Asia","population":29825968,"flag":"https://flagcdn.com/ye.svg","cca2":"ye"},
  {"name":"Zambia","capital":"Lusaka","region":"Africa","subregion":"Eastern Africa","population":18383956,"flag":"https://flagcdn.com/zm.svg","cca2":"zm"},
  {"name":"Zimbabwe","capital":"Harare","region":"Africa","subregion":"Eastern Africa","population":14862927,"flag":"https://flagcdn.com/zw.svg","cca2":"zw"}
]
